week_start,rainfall_mm,soil_moisture_pct
2024-01-01,8.8,33.2
2024-01-08,11.9,33.1
2024-01-15,0,30.1
2024-01-22,12.0,32.4
2024-01-29,8.8,30.8
2024-02-05,0,28.5
2024-02-12,26.1,31.4
2024-02-19,14.1,31.0
2024-02-26,19.1,31.3
2024-03-04,0,27.1
2024-03-11,0,28.8
2024-03-18,25.7,30.8
2024-03-25,3.8,29.8
2024-04-01,11.6,27.0
2024-04-08,2.7,26.9
2024-04-15,42.0,28.8
2024-04-22,22.9,30.9
2024-04-29,31.1,32.9
2024-05-06,38.4,35.8
2024-05-13,64.7,36.2
2024-05-20,88.9,37.6
2024-05-27,88.8,37.1
2024-06-03,66.7,38.8
2024-06-10,102.2,40.4
2024-06-17,102.6,40.2
2024-06-24,86.4,41.2
2024-07-01,101.1,41.3
2024-07-08,117.6,41.0
2024-07-15,125.3,45.0
2024-07-22,100.8,46.9
2024-07-29,87.1,45.2
2024-08-05,117.1,46.7
2024-08-12,89.9,47.0
2024-08-19,82.6,44.7
2024-08-26,85.8,42.8
2024-09-02,61.7,42.1
2024-09-09,57.4,40.9
2024-09-16,38.9,37.7
2024-09-23,31.8,34.4
2024-09-30,10.3,31.9
2024-10-07,9.5,30.7
2024-10-14,11.5,32.8
2024-10-21,2.1,33.6
2024-10-28,0,32.5
2024-11-04,0,32.5
2024-11-11,0,33.4
2024-11-18,6.7,33.5
2024-11-25,14.2,33.4
2024-12-02,19.8,34.2
2024-12-09,8.6,32.1
2024-12-16,11.1,33.3
2024-12-23,2.3,28.0
2024-12-30,0,27.8
2025-01-06,14.9,29.1
2025-01-13,9.2,30.2
2025-01-20,24.0,30.9
2025-01-27,2.6,34.3
2025-02-03,0,32.0
2025-02-10,26.4,34.3
2025-02-17,0,32.9
2025-02-24,0,30.9
2025-03-03,0.3,30.6
2025-03-10,37.3,32.7
2025-03-17,0,31.9
2025-03-24,3.9,31.5
2025-03-31,5.0,30.5
2025-04-07,17.9,32.2
2025-04-14,5.7,35.9
2025-04-21,47.0,37.8
2025-04-28,23.6,34.8
2025-05-05,54.6,37.3
2025-05-12,48.6,37.7
2025-05-19,96.2,36.1
2025-05-26,72.9,39.3
2025-06-02,69.7,38.1
2025-06-09,100.5,39.7
2025-06-16,101.5,43.5
2025-06-23,104.7,45.1
2025-06-30,103.2,45.5
2025-07-07,86.4,45.6
2025-07-14,99.9,46.8
2025-07-21,94.8,44.1
2025-07-28,77.8,44.2
2025-08-04,112.4,44.0
2025-08-11,72.7,41.7
2025-08-18,91.6,41.8
2025-08-25,53.0,40.1
2025-09-01,82.4,39.3
2025-09-08,59.2,39.5
2025-09-15,34.0,40.5
2025-09-22,21.0,37.8
2025-09-29,33.6,38.5
2025-10-06,0,32.4
2025-10-13,0,31.3
2025-10-20,11.2,31.2
2025-10-27,0,31.0
2025-11-03,8.0,31.2
2025-11-10,32.0,31.2
2025-11-17,0,28.7
2025-11-24,27.4,29.8
2025-12-01,7.5,30.1
2025-12-08,8.6,28.3
2025-12-15,0,25.5
2025-12-22,15.2,28.6
