month,sales_units,promo_budget_usd,avg_temperature_c
2021-01-01,714,205,26.3
2021-02-01,711,135,26.2
2021-03-01,724,154,27.5
2021-04-01,736,121,28.8
2021-05-01,782,158,30.2
2021-06-01,820,154,30.4
2021-07-01,821,137,31.3
2021-08-01,818,130,30.8
2021-09-01,853,129,30.1
2021-10-01,791,126,28.7
2021-11-01,881,187,26.4
2021-12-01,1023,194,24.8
2022-01-01,763,189,26.1
2022-02-01,719,160,25.3
2022-03-01,801,156,27.2
2022-04-01,736,134,28.7
2022-05-01,834,134,30.2
2022-06-01,873,149,30.6
2022-07-01,954,143,30.8
2022-08-01,923,124,30.7
2022-09-01,923,135,30.2
2022-10-01,871,160,28.4
2022-11-01,967,185,27.6
2022-12-01,1097,179,26.5
2023-01-01,848,190,25.7
2023-02-01,816,156,26.4
2023-03-01,908,151,26.2
2023-04-01,921,149,28.7
2023-05-01,943,155,29.1
2023-06-01,966,147,31.3
2023-07-01,1009,134,31.6
2023-08-01,1048,151,31.1
2023-09-01,999,127,30.1
2023-10-01,953,147,28.1
2023-11-01,1113,203,27.7
2023-12-01,1261,200,26.1
2024-01-01,863,172,25.4
2024-02-01,875,137,26.1
2024-03-01,956,138,26.6
2024-04-01,979,136,29.3
2024-05-01,1011,152,30.8
2024-06-01,1041,139,31.2
2024-07-01,1140,132,31.8
2024-08-01,1122,154,32.0
2024-09-01,1053,120,29.4
2024-10-01,1019,127,29.4
2024-11-01,1221,184,27.1
2024-12-01,1372,201,26.3
2025-01-01,913,196,26.3
2025-02-01,973,154,26.1
2025-03-01,1026,150,27.4
2025-04-01,1060,153,28.9
2025-05-01,1098,133,30.7
2025-06-01,1128,132,30.8
2025-07-01,1213,143,30.7
2025-08-01,1231,127,30.9
2025-09-01,1151,121,29.6
2025-10-01,1136,134,29.3
2025-11-01,1348,168,27.2
2025-12-01,1487,186,26.4
