date,electricity_demand_kwh,temperature_c,is_weekend
2026-01-01,1760.5,27.7,0
2026-01-02,1909.0,29.7,0
2026-01-03,1658.4,27.6,1
2026-01-04,1455.9,29.2,1
2026-01-05,1667.5,29.3,0
2026-01-06,1758.1,28.5,0
2026-01-07,1789.8,28.2,0
2026-01-08,1589.7,28.7,0
2026-01-09,1771.3,30.9,0
2026-01-10,1768.5,29.4,1
2026-01-11,1711.6,30.6,1
2026-01-12,1785.2,29.9,0
2026-01-13,1870.8,30.9,0
2026-01-14,1853.1,32.0,0
2026-01-15,1811.5,32.0,0
2026-01-16,2088.8,34.7,0
2026-01-17,1714.9,32.8,1
2026-01-18,1672.7,33.3,1
2026-01-19,1888.5,32.3,0
2026-01-20,1975.4,32.1,0
2026-01-21,1994.7,32.8,0
2026-01-22,1968.1,32.7,0
2026-01-23,1861.2,32.2,0
2026-01-24,1779.8,30.0,1
2026-01-25,1756.9,33.1,1
2026-01-26,1790.3,31.8,0
2026-01-27,2015.8,31.2,0
2026-01-28,1873.0,30.8,0
2026-01-29,1854.8,31.7,0
2026-01-30,1796.9,30.7,0
2026-01-31,1676.4,31.8,1
2026-02-01,1646.0,31.7,1
2026-02-02,1868.4,31.6,0
2026-02-03,1798.8,30.7,0
2026-02-04,1971.7,32.2,0
2026-02-05,1993.1,30.6,0
2026-02-06,1830.0,29.7,0
2026-02-07,1620.2,29.2,1
2026-02-08,1572.6,30.4,1
2026-02-09,1637.4,29.5,0
2026-02-10,1778.9,28.3,0
2026-02-11,1839.7,28.9,0
2026-02-12,1775.5,28.8,0
2026-02-13,1842.4,25.4,0
2026-02-14,1666.2,28.6,1
2026-02-15,1643.2,28.2,1
2026-02-16,1659.3,29.4,0
2026-02-17,1670.7,28.1,0
2026-02-18,1844.2,28.1,0
2026-02-19,1704.6,26.5,0
2026-02-20,1731.8,27.9,0
2026-02-21,1622.1,28.0,1
2026-02-22,1671.3,25.7,1
2026-02-23,1710.5,26.3,0
2026-02-24,1766.9,26.0,0
2026-02-25,1749.0,24.8,0
2026-02-26,1687.5,24.1,0
2026-02-27,1834.8,25.4,0
2026-02-28,1748.2,24.8,1
2026-03-01,1541.4,26.1,1
2026-03-02,1710.3,25.3,0
2026-03-03,1749.3,24.4,0
2026-03-04,1654.9,24.5,0
2026-03-05,1841.2,24.1,0
2026-03-06,1776.7,23.2,0
2026-03-07,1637.3,24.4,1
2026-03-08,1464.0,25.5,1
2026-03-09,1592.1,22.4,0
2026-03-10,1668.9,23.6,0
2026-03-11,1770.7,24.6,0
2026-03-12,1691.0,25.4,0
2026-03-13,1611.2,25.4,0
2026-03-14,1616.1,24.4,1
2026-03-15,1641.8,25.5,1
2026-03-16,1661.3,25.1,0
2026-03-17,1691.2,24.2,0
2026-03-18,1670.6,26.3,0
2026-03-19,1704.9,26.5,0
2026-03-20,1729.3,25.2,0
2026-03-21,1547.0,25.2,1
2026-03-22,1475.3,26.9,1
2026-03-23,1534.2,26.7,0
2026-03-24,1795.1,25.7,0
2026-03-25,1876.9,27.5,0
2026-03-26,1776.8,26.8,0
2026-03-27,1696.9,27.0,0
2026-03-28,1725.3,26.4,1
2026-03-29,1628.6,27.2,1
2026-03-30,1769.1,27.7,0
2026-03-31,1629.7,29.3,0
2026-04-01,1812.5,27.8,0
2026-04-02,1913.7,26.2,0
2026-04-03,1794.6,26.5,0
2026-04-04,1807.6,30.6,1
2026-04-05,1843.3,30.1,1
2026-04-06,1847.0,29.3,0
2026-04-07,1853.4,28.3,0
2026-04-08,1911.0,29.4,0
2026-04-09,1835.3,29.2,0
2026-04-10,1786.9,29.7,0
2026-04-11,1666.5,30.6,1
2026-04-12,1610.6,31.8,1
2026-04-13,1610.9,30.7,0
2026-04-14,1670.9,30.7,0
2026-04-15,1868.0,32.5,0
2026-04-16,1915.7,31.1,0
2026-04-17,1829.4,32.4,0
2026-04-18,1776.8,31.5,1
2026-04-19,1720.1,31.0,1
2026-04-20,1850.8,31.7,0
2026-04-21,1911.6,30.1,0
2026-04-22,1733.9,31.1,0
2026-04-23,1766.6,31.4,0
2026-04-24,1841.6,32.0,0
2026-04-25,1808.2,31.8,1
2026-04-26,1633.4,30.8,1
2026-04-27,1766.4,30.9,0
2026-04-28,1927.2,32.0,0
2026-04-29,1880.5,33.0,0
2026-04-30,1914.1,31.8,0
2026-05-01,1847.1,30.2,0
2026-05-02,1814.8,30.5,1
2026-05-03,1587.3,31.2,1
2026-05-04,1781.1,31.1,0
2026-05-05,1839.1,31.4,0
2026-05-06,1827.1,28.8,0
2026-05-07,1877.4,31.2,0
2026-05-08,1796.2,29.7,0
2026-05-09,1572.6,29.5,1
2026-05-10,1666.3,29.7,1
2026-05-11,1766.1,30.9,0
2026-05-12,1739.2,29.2,0
2026-05-13,1777.8,28.3,0
2026-05-14,1761.9,29.6,0
2026-05-15,1788.0,28.9,0
2026-05-16,1574.6,28.6,1
2026-05-17,1439.1,28.1,1
2026-05-18,1615.4,28.7,0
2026-05-19,1656.1,29.0,0
2026-05-20,1641.0,25.8,0
2026-05-21,1707.7,24.9,0
2026-05-22,1694.6,24.5,0
2026-05-23,1513.5,26.1,1
2026-05-24,1573.5,25.8,1
2026-05-25,1584.3,24.7,0
2026-05-26,1672.4,24.2,0
2026-05-27,1755.8,25.2,0
2026-05-28,1821.9,24.9,0
2026-05-29,1878.0,24.4,0
2026-05-30,1722.7,25.1,1
2026-05-31,1501.0,24.0,1
2026-06-01,1679.1,25.3,0
2026-06-02,1708.5,23.4,0
2026-06-03,1817.8,24.4,0
2026-06-04,1735.6,25.1,0
2026-06-05,1615.2,23.5,0
2026-06-06,1489.8,24.1,1
2026-06-07,1509.0,24.8,1
2026-06-08,1505.6,24.0,0
2026-06-09,1628.5,24.9,0
2026-06-10,1612.1,24.0,0
2026-06-11,1666.9,23.6,0
2026-06-12,1802.4,24.4,0
2026-06-13,1659.4,25.1,1
2026-06-14,1513.8,24.0,1
2026-06-15,1727.2,25.0,0
2026-06-16,1826.0,25.6,0
2026-06-17,1807.8,25.7,0
2026-06-18,1780.1,24.8,0
2026-06-19,1742.9,24.9,0
2026-06-20,1626.0,25.1,1
2026-06-21,1603.3,25.2,1
2026-06-22,1807.4,25.2,0
2026-06-23,1873.1,25.0,0
2026-06-24,1766.6,26.7,0
2026-06-25,1775.8,26.8,0
2026-06-26,1693.3,23.1,0
2026-06-27,1686.0,26.4,1
2026-06-28,1487.8,27.7,1
2026-06-29,1459.7,27.8,0
